,symbol,date,average_iv,std_iv,coeff_of_var,bench_mark_iv,avg_full_move,avg_short_move,avg_long_move,highest_iv,lowest_iv,avg_normal_iv,higest_normal_iv,lowest_normal_iv,stddev_normal_iv,highest_normal_fut_close,lowest_normal_fut_close,avg_normal_fut_close,full_move,long_move,fut_close
0,AARTIIND,2025-02-27,29.222310516242885,4.770967218567869,6.125028569157665,34.625483870967734,1.625,13.125,3.125,68.709,7.614,28.723501707246605,38.7625,19.745,3.8978427927373653,638.7,392.0,483.3636664415936,7.480926910016977,5.2366488370118836,411.09516129032255
2,ABB,2025-02-27,30.79091253231259,5.104468018025694,6.032149172759809,43.719177419354835,1.0,11.875,1.75,52.9135,22.129,29.698940288484785,40.997,22.129,3.4090892071263954,8950.0,5106.25,7171.332559081702,118.08779921901527,82.66145945331068,5151.038709677418
1,ABBOTINDIA,2025-02-27,23.982650701256997,2.668078198428091,8.98873605555732,24.897483870967747,1.75,14.875,3.125,37.343,15.055,23.858387103989052,29.303999999999995,18.647,2.3279755426678115,30740.0,25587.25,28633.554777500165,382.849919877759,267.9949439144313,29231.28225806451
3,ABCAPITAL,2025-02-27,30.130468198371354,3.4488396228132276,8.73640745689237,33.33638709677419,1.875,16.875,3.125,44.157,22.049,29.765878910218703,37.0145,23.2345,2.9293485181643595,245.5,149.09,198.14742718883636,2.6976155348047537,1.8883308743633274,154.08225806451614
4,ABFRL,2025-02-27,31.093042304633133,4.996718432408849,6.2226924981329415,36.80004838709678,1.875,20.0,2.875,71.41999999999999,5.083,31.133186473492724,41.076,21.107,4.403090770463929,367.25,240.8,302.4687587215845,4.8498590084889655,3.3949013059422755,251.04999999999998
5,ACC,2025-02-27,26.247819229420315,3.771166400401406,6.960132872054247,30.244758064516127,1.125,16.125,3.25,51.179,16.6935,25.789389553334907,33.79,18.707,3.054090512758747,2563.35,1822.75,2211.0429000675217,29.919228957979627,20.94346027058574,1879.440322580645
6,ADANIENSOL,2025-02-27,56.45195846967325,10.02566876236636,5.6307424280341865,50.21601612903224,1.375,13.375,2.5,84.5775,33.447,56.59689318371733,73.03900000000002,36.402,9.903556805695791,858.2,710.8,787.018744080756,17.912581542869265,12.538807080008485,679.3903225806451
7,ADANIENT,2025-02-27,34.20528187784959,9.24400697265053,3.700265694200567,36.08282258064516,1.75,14.875,3.0,122.30700000000002,19.559,32.45703901076985,52.6125,19.559,5.887998951345945,3226.65,2082.35,2675.735329732163,42.03269011460102,29.42288308022071,2219.562903225806
8,ADANIGREEN,2025-02-27,57.52841760326267,5.251654273173204,10.954342119802623,48.247354838709676,1.375,16.25,2.625,83.66600000000001,42.104,57.84514650392634,67.98349999999999,47.0275,4.419507698261862,1426.0,825.0,1123.834908845375,22.21155856706282,15.548090996943973,876.2483870967741
9,ADANIPORTS,2025-02-27,30.112459792574775,7.263081978949722,4.145961711550059,32.34904838709677,1.625,15.625,3.25,76.979,18.475,28.750534243479652,44.515,18.475,4.682938150761332,1503.75,1022.3,1278.7920234076078,18.437254999151104,12.906078499405773,1084.65
10,ALKEM,2025-02-27,26.79269074654798,3.173392686367104,8.442916901412607,27.073322580645158,1.0,13.625,1.875,40.544,17.199,26.28407597549787,33.1265,20.492,2.5120882729039162,6448.2,4547.45,5651.469287643485,67.44320882767401,47.21024617937181,4738.511290322582
11,AMBUJACEM,2025-02-27,27.364114584899042,4.564475253860029,5.9950187180351335,31.459548387096774,1.125,13.125,2.5,87.868,16.974,26.833358758888174,36.493,18.3665,3.2991424844301522,647.3,457.8,563.6352205716857,8.057783801358234,5.640448660950764,486.7274193548387
12,ANGELONE,2025-02-27,47.79874992886612,7.381667097705767,6.475332644535277,47.32506451612903,1.375,16.0,2.125,59.8265,15.188,48.83948354329532,59.8265,33.051,5.776544895590946,3512.3,2086.1,2807.2870087778533,54.87216691001698,38.41051683701188,2211.4161290322577
13,APLAPOLLO,2025-02-27,38.682718558827716,7.727504172907198,5.005848938192773,37.2426935483871,1.125,13.125,2.0,45.355,19.177,39.042682477773205,45.355,23.233,7.408259629249927,1648.4,1316.05,1503.5066007914131,25.88465208701189,18.11925646090832,1324.883870967742
14,APOLLOHOSP,2025-02-27,21.907003454875355,2.967531388640237,7.382231419265102,20.468983870967737,1.5,15.75,3.0,37.567,14.0415,21.493674936068125,27.842,15.972,2.422090151696763,7559.1,6273.5,7026.251379967772,68.58617837691,48.010324863837,6375.091935483872
15,APOLLOTYRE,2025-02-27,28.223490706084668,4.024624541709534,7.01270153615279,27.853870967741937,1.125,14.875,2.875,45.229,19.455,27.457155740590306,36.271,20.419,2.848139898447173,556.8,400.0,489.4033896016206,6.0545519524618,4.2381863667232595,413.916129032258
16,ASHOKLEY,2025-02-27,26.87627312835554,4.306479299627179,6.240892213433437,29.963709677419352,2.25,19.875,4.0,43.025000000000006,18.3505,25.970797397970205,35.489000000000004,18.3505,3.1119791822936707,254.8,194.65,223.59991807337383,3.4912452886247873,2.443871702037351,221.62645161290322
17,ASIANPAINT,2025-02-27,21.333700573676037,2.3993168331013326,8.891572917487647,20.028209677419348,0.875,10.875,1.5,30.78,12.5885,20.998159648644968,26.131,16.537000000000003,1.6470360208929062,3393.5,2195.5,2671.5863335584067,23.583216895161282,16.508251826612895,2240.1629032258065
18,ASTRAL,2025-02-27,25.435527564437155,3.087398535784049,8.238498292212789,28.93295161290322,1.75,15.75,2.875,39.285,18.17,25.26610460267103,31.607000000000003,19.2615,2.794111287522178,2049.05,1311.9,1741.8560994823317,20.770813684210523,14.539569578947365,1365.1725806451616
19,ATGL,2025-02-27,52.68065778678805,7.19226718930802,7.324624683730159,43.77014516129032,0.625,12.25,1.75,79.723,36.203,52.82072123258151,66.1135,38.299,7.065805298807647,864.65,556.15,734.0975061895116,13.27272059719864,9.290904418039048,577.9580645161291
20,ATUL,2025-02-27,28.64500493511699,2.963271715083836,9.66668186022441,30.404725806451612,1.5,12.5,3.0,40.288,19.625,28.462364571566887,34.57,22.728,2.498649827514862,8218.0,5292.1,7251.751566544374,86.25340636672325,60.377384456706274,5400.016129032257
21,AUBANK,2025-02-27,28.820611829249962,3.430545039002525,8.401175761164158,35.166532258064514,1.125,10.625,1.75,45.023500000000006,20.095,28.570375185310414,35.6815,21.969,3.136754032192393,752.1,500.75,620.9813189286518,9.366328236417656,6.556429765492359,504.01612903225805
22,AUROPHARMA,2025-02-27,27.35593194799339,3.9178276686672278,6.982423491153548,32.17946774193549,1.5,13.625,2.75,42.942,19.6415,26.6382843627897,35.191,19.6415,2.8601417900665806,1593.55,1113.75,1334.1054096331306,19.676897696095082,13.773828387266557,1164.3483870967743
23,AXISBANK,2025-02-27,21.36764286787915,2.3015017016532218,9.284217714255993,20.236887096774197,0.875,10.625,2.125,29.598000000000003,14.096999999999998,21.024404689803028,25.9705,16.765,1.8344500168693014,1291.0,941.6,1125.1280227323882,10.597205693123941,7.418043985186758,995.2241935483871
24,BAJAJ-AUTO,2025-02-27,25.587689713913523,2.5735881746522637,9.942418124986474,22.433806451612902,1.0,9.5,1.5,37.805,19.009,25.161095749482296,30.733,20.463,1.8965351496569716,12837.15,8355.05,9876.693074499213,99.89006540577249,69.92304578404074,8463.66451612903
25,BAJAJFINSV,2025-02-27,23.29321137081016,2.0161043359358035,11.553574363996535,23.025467741935483,1.5,12.75,2.75,29.7805,14.333000000000002,23.312213383605346,27.3245,19.262,1.7308738670612753,2035.6,1566.75,1754.2288858879137,22.973963406196944,16.08177438433786,1896.9435483870966
26,BAJFINANCE,2025-02-27,24.20948573325317,2.0498948023929002,11.810111282292512,24.11172580645161,0.875,11.375,2.0,32.847500000000004,16.682000000000002,24.064363660247487,28.304,20.1135,1.5762638023396471,8673.8,6498.5,7295.180303848751,107.25974321179964,75.08182024825975,8459.0
27,BALKRISIND,2025-02-27,27.370983980245196,3.110971963815622,8.79820978736001,28.849935483870965,0.875,12.0,1.75,43.034,18.4185,26.94471832245843,33.592,21.151,2.513349482423771,3149.0,2554.8,2858.8067161827594,40.248696835314085,28.17408778471986,2648.269354838709
28,BANDHANBNK,2025-02-27,32.237320820181374,12.933652091918797,2.4925149208493007,35.660209677419346,1.375,14.25,2.75,173.932,11.295,31.220613422361346,53.662,11.295,5.11743721035944,216.88,128.21,173.89159374296645,2.44891797826825,1.7142425847877751,130.36645161290323
29,BANKBARODA,2025-02-27,27.979780963475125,2.8800552956088223,9.715015196456639,30.215161290322584,1.125,13.25,2.5,40.19049999999999,19.2805,27.707217260649514,33.738,22.2255,2.4284379027597227,267.8,200.66,240.59769637632232,3.272779049235994,2.2909453344651953,206.0732258064516
30,BANKINDIA,2025-02-27,29.402931249110825,5.177968201567661,5.678468871286021,35.2214193548387,1.5,12.5,2.25,46.555,25.044,29.189395870042716,39.75,25.044,4.968941239921843,120.6,91.76,109.1297848104121,1.7847990818336157,1.2493593572835309,96.29193548387097
31,BANKNIFTY,2025-02-27,15.374276536124238,2.120940808260499,7.248800379645453,17.343258064516128,0.75,9.125,1.625,21.599,10.3365,15.012872709028484,19.616,11.143,1.6417373389718135,54625.0,48113.75,51456.150830519924,449.2287215993208,314.46010511952454,49210.16935483871
32,BATAINDIA,2025-02-27,23.528051077473716,3.2291884981176016,7.2860568812223185,26.696596774193555,2.0,17.375,2.875,36.6005,14.529,22.958405796907957,29.986,17.085,2.49768340412004,1482.25,1204.1,1376.1368343461627,18.083431604414265,12.658402123089985,1288.3000000000002
33,BEL,2025-02-27,31.27031847787965,3.606105506519363,8.671492950316356,36.67124193548388,1.5,14.125,2.375,47.13,19.572,30.86598282224877,38.4815,24.066000000000003,2.9908654141199045,320.75,242.1,287.2902296648561,4.725765046264856,3.308035532385399,245.27903225806455
34,BERGEPAINT,2025-02-27,24.74761239809107,2.490583244804807,9.936472691572531,24.975741935483867,1.25,14.5,2.5,36.538,14.3275,24.461089032737306,29.727,19.767000000000003,1.8189000960556827,634.0,440.0,517.2501868107134,6.466088135823428,4.526261695076399,492.0403225806452
35,BHARATFORG,2025-02-27,29.341085715359366,4.787496446862804,6.128690859830564,30.510790322580643,1.75,21.25,3.125,47.687000000000005,19.708,28.532381606624597,38.914,19.9275,3.579561703082662,1633.9,1052.2,1365.3068984920099,17.24100527886248,12.068703695203736,1077.4629032258067
36,BHARTIARTL,2025-02-27,20.437708057255577,2.284428146907074,8.946531360562394,17.206032258064518,0.75,11.625,1.5,29.135500000000004,15.098,20.092804934474458,24.993,15.878999999999998,1.7153751011186544,1790.0,1522.6,1636.669653387351,15.127271887096777,10.589090320967744,1671.1967741935487
37,BHEL,2025-02-27,36.79690689663811,4.169931880725699,8.824342447108345,42.077435483870964,1.5,12.5,2.25,56.7105,25.64,36.28728485903421,45.136,28.486999999999995,3.5107881956732663,293.55,183.55,239.11332635606573,4.135768987691001,2.8950382913837003,187.13838709677415
38,BIOCON,2025-02-27,31.74669223157473,4.099030002466966,7.744927998201588,36.37887096774194,1.75,15.125,3.0,60.07599999999999,14.215,31.456086694243364,39.9445,23.623,3.3994025761145577,404.65,306.95,359.83732838172403,6.4830977419354845,4.538168419354839,339.1467741935483
39,BOSCHLTD,2025-02-27,24.937077170699936,3.1128019026320892,8.011135289275527,23.30224193548387,1.125,16.625,3.0,38.606,16.46,24.673840897302906,31.151,18.716,2.6281906738549425,39218.1,26539.8,33969.78587891065,332.023220651528,232.41625445606957,27076.525806451613
40,BPCL,2025-02-27,29.865339220401825,3.0162137755278997,9.901598972431845,29.86201612903226,1.25,12.125,1.875,40.0935,21.661,29.50663973522184,35.8905,23.8355,2.467534668759812,378.1,243.0,304.96214607247356,3.9677189325127333,2.777403252758913,252.66935483870967
41,BRITANNIA,2025-02-27,21.464226809468414,3.122999258804731,6.872952899029326,20.891580645161294,0.625,12.875,1.625,33.706,12.212,20.91598079987038,27.701,15.22,2.092036348024262,6498.7,4699.05,5364.5516261534995,53.620990617996625,37.534693432597635,4888.530645161291
42,BSE,2025-02-27,46.7664310373702,4.668123473105132,10.018250653996134,43.441403225806454,1.375,15.75,3.375,58.3125,34.251,46.99163967870693,56.0995,37.431,4.3999441174518195,6103.55,4505.4,5022.8721550754,118.25207235993209,82.77645065195246,5181.075806451613
43,BSOFT,2025-02-27,33.59205099331112,4.642835821343355,7.235244209775141,30.451725806451613,1.625,19.5,3.5,74.939,18.35,33.28039552376193,42.8705,24.331,3.9386817414784696,681.3,464.8,578.972434166104,7.576068836162989,5.303248185314092,474.68387096774194
44,CAMS,2025-02-27,31.1977285768483,7.053279795088949,4.423151992151314,41.62172580645162,1.375,13.75,2.25,57.812,25.278,30.706384137729515,45.302,25.278,6.442627697167502,5382.75,3265.0,4746.701598019356,71.89605478777591,50.327238351443135,3291.1096774193556
45,CANBK,2025-02-27,30.611705358484897,3.324935440366841,9.20670668874927,30.873322580645162,1.5,13.625,2.375,44.086,20.1135,30.272132532493107,37.2595,23.97,2.678161533919658,114.08,83.7,101.58000405131668,1.378250116468591,0.9647750815280136,84.8541935483871
46,CANFINHOME,2025-02-27,29.99490862163102,3.1256677500485357,9.596320217068898,31.462612903225804,0.75,16.875,2.0,43.8185,10.727,29.98751219262557,36.24,23.744,2.7811350821501284,953.9,595.05,790.7995284717532,9.918174735993208,6.942722315195246,599.3725806451613
47,CDSL,2025-02-27,43.11552378378379,6.200332234212652,6.953744114852066,39.52662903225806,1.5,15.625,2.125,56.037000000000006,30.128500000000003,43.1225875835137,55.4535,30.724,6.190804953035912,1995.1,1165.9,1607.8747242853924,24.548116977928686,17.18368188455008,1183.4661290322579
48,CESC,2025-02-27,33.65527814530279,4.117923801486914,8.172875402199143,39.26217741935485,2.0,14.75,2.875,54.87499999999999,26.8565,32.98099248770944,41.882000000000005,26.8565,3.05755300208391,204.37,119.28,169.8210537924826,2.6423445403225814,1.8496411782258069,128.05870967741936
49,CGPOWER,2025-02-27,37.705964053682365,4.245496193878078,8.881403334680554,41.56606451612903,1.125,15.0,2.75,61.281,26.533,37.37053952306789,46.195,29.217,3.0793022379880384,814.9,529.0,719.9716954799208,12.607643674023768,8.825350571816637,578.3645161290323
50,CHAMBLFERT,2025-02-27,33.41240605163459,4.369319389936873,7.647050505986774,35.150274193548384,1.25,17.75,2.75,57.489,14.892,33.469452765866784,42.146,24.879,3.5918299596886722,559.3,446.0,503.34580463650684,9.823576629881153,6.876503640916806,532.6209677419355
51,CHOLAFIN,2025-02-27,29.50795101207475,2.304339703504695,12.80538236927298,33.33791935483871,1.0,13.0,2.75,39.079,19.266,29.321548034296942,34.11450000000001,24.899500000000003,1.88648725747663,1661.5,1175.2,1360.8198582039163,23.827839202037353,16.679487441426147,1354.2112903225805
52,CIPLA,2025-02-27,22.863916954757254,2.44010569572982,9.370051877166249,20.90509677419355,0.875,12.25,2.125,33.872,13.406,22.409622349918877,27.743,17.987000000000002,1.7208827993044942,1708.8,1378.3,1533.068317578213,16.304875215619695,11.413412650933786,1481.7903225806451
53,COALINDIA,2025-02-27,25.14540242497119,2.2005754358482674,11.42673957699535,24.113709677419354,1.75,15.0,2.625,38.435,18.556,24.867528338529837,29.544500000000003,20.749,1.7741178083213982,531.15,349.9,430.48682196713924,4.573989983022071,3.2017929881154497,361.1177419354838
54,COFORGE,2025-02-27,31.23793814820382,3.646533434834995,8.566475176064671,32.8631129032258,0.875,13.875,2.0,41.3825,21.0785,31.4582387308247,38.5285,23.948,3.310635531189965,9839.95,6258.95,8134.949619626378,133.3965641867572,93.37759493073003,7712.670967741934
55,COLPAL,2025-02-27,24.463548900245506,2.5781612512161796,9.488758272472474,25.22066129032258,1.5,12.5,1.75,33.843,16.954,24.15933310760569,29.6195,19.308,2.1219127286511728,3891.2,2418.4,3066.81509002926,32.490185056451615,22.74312953951613,2451.0774193548386
56,CONCOR,2025-02-27,26.48033527481337,2.714460311940376,9.755285482838557,31.51508064516129,1.5,15.625,2.875,40.875,19.287,26.16481616301563,31.904,21.052,2.231306282386472,981.7,661.85,824.6185212694126,11.277422805602717,7.894195963921901,680.8741935483872
57,COROMANDEL,2025-02-27,28.109376571972543,2.478244944591901,11.342452905356936,30.797064516129034,1.75,14.375,3.125,40.395,21.194,27.844154565051657,33.065,23.155,2.060053771844267,1983.65,1564.3,1759.9387058293946,27.69628638879457,19.387400472156198,1709.6693548387095
58,CROMPTON,2025-02-27,30.38704972818599,3.9367023625811752,7.718909617607497,30.40656451612903,1.25,16.75,3.125,43.54,21.523,29.950287991163012,38.26,22.518,3.42858304198584,483.5,325.75,399.4465001125367,5.304345162563666,3.713041613794566,332.1903225806452
59,CUB,2025-02-27,29.320634688611655,3.7302022618303092,7.860333738102666,26.498451612903235,1.625,17.375,3.875,46.150000000000006,19.9265,29.032976455977174,36.77550000000001,21.861,3.2525562389030416,187.99,150.1,171.53753454872833,2.1910035517826834,1.5337024862478783,157.74677419354842
60,CUMMINSIND,2025-02-27,30.6213114258474,4.175361442285624,7.33381094046916,32.55024193548387,1.125,15.75,2.75,48.28,20.943,29.926441934799332,38.971,22.495,3.0268615409630755,3951.1,2646.7,3396.665119288768,46.599954257215614,32.61996798005093,2723.911290322581
61,CYIENT,2025-02-27,35.57682898231137,4.469637089989109,7.959668372628002,39.43416129032258,1.125,13.875,2.0,60.444,24.616,34.59664370748298,44.492,27.009,2.4569009720870008,2117.95,1277.1,1795.0772878685575,30.6517584745331,21.45623093217317,1475.914516129032
62,DABUR,2025-02-27,21.090787501878854,1.8317270454012842,11.514154117464814,18.92608064516129,0.5,11.75,1.25,29.6745,15.723,20.961375116870975,24.754,17.4305,1.6121361788336106,676.2,500.4,552.9518546027458,5.14092116893039,3.5986448182512727,516.3919354838711
63,DALBHARAT,2025-02-27,27.858254169355234,2.86575292565016,9.721094208788069,28.605467741935477,1.0,12.5,2.125,54.031,20.264,27.510450019646367,33.586,22.129,2.362129089765441,1994.95,1678.05,1839.7755649336034,27.085614074278432,18.9599298519949,1801.416129032258
64,DEEPAKNTR,2025-02-27,28.92469625723376,3.8117122006184743,7.588373606102933,41.008935483870964,1.625,13.5,2.75,49.313,18.995,28.26577861619993,36.545,21.314,2.8308855091072225,3037.0,1886.8,2635.092368932917,41.00569793633276,28.70398855543293,1899.7645161290325
65,DELHIVERY,2025-02-27,32.876331379491845,4.763345118760423,6.901941925225719,38.29759677419355,2.125,15.875,3.0,54.366,19.64,31.97696787871001,42.402,25.521,3.5063062538354277,395.75,274.35,336.8557957393484,5.368718368845501,3.7581028581918505,267.25645161290316
66,DIVISLAB,2025-02-27,24.610609850192898,2.7784680511508077,8.85761844193223,25.278790322580644,1.5,15.125,3.125,39.2225,16.354499999999998,24.32435693474723,30.164,19.054,2.1389825092775654,6305.85,5038.0,5813.812589466577,77.82009077674024,54.47406354371817,5849.095161290324
67,DIXON,2025-02-27,37.86609959166291,4.769273293271439,7.939595251353064,42.31525806451613,1.25,12.75,2.125,57.23350000000001,27.15300000000001,37.236665495851334,47.396,28.3445,3.8806333793238657,19239.65,12090.0,15460.844929101959,311.79663837011884,218.25764685908317,14029.306451612903
68,DLF,2025-02-27,27.997379916328473,3.8516402608416116,7.268949855200351,33.8596129032258,1.75,18.25,3.125,42.265,19.2325,27.34174914780293,35.700500000000005,20.445,2.890244078093521,934.9,652.45,815.5424735539049,11.987194010186755,8.391035807130729,672.8951612903227
69,DMART,2025-02-27,27.907965240893063,1.5966150288773204,17.479457938283904,27.78153225806452,1.125,11.5,1.875,38.42250000000001,23.404,27.706498027784665,31.1,24.721,1.275385282033712,3973.8,3427.6,3631.146260074359,53.85815574702887,37.70070902292021,3685.304838709678
70,DRREDDY,2025-02-27,21.116445604354634,2.802800221748592,7.534053066108526,20.963016129032255,0.75,11.25,2.125,39.069,14.0375,20.894085584033505,26.721,15.511,2.324708680551775,7085.1,1160.4,3061.809089579113,13.15760257088285,9.210321799617994,1192.3903225806453
71,EICHERMOT,2025-02-27,23.532066924695627,3.4480090192061414,6.824827543552533,22.04174193548387,1.75,18.375,2.75,35.3675,17.06,22.947175215275177,30.427,17.06,2.682765858432991,5512.95,4532.85,4927.641526247937,54.7563273344652,38.32942913412563,4719.898387096773
72,ESCORTS,2025-02-27,28.53423316680337,3.2187241959525017,8.865075548468784,30.235983870967747,1.625,16.875,3.25,42.403,17.215,28.03682305683605,34.969,22.1,2.283772445026983,4448.8,2895.45,3603.3658789106457,47.824573962224115,33.47720177355688,3006.2516129032265
73,EXIDEIND,2025-02-27,30.602522295130868,3.1711632581515183,9.65025128128193,31.6046935483871,1.25,15.75,2.0,47.721,19.6625,30.25783298652656,36.939,24.3185,2.505279880983504,535.2,338.2,440.6816486608148,5.9807724028013585,4.186540681960951,360.63225806451607
74,FEDERALBNK,2025-02-27,26.398828836615056,2.955412463514165,8.932367025760337,28.793145161290322,1.25,13.125,2.125,41.92700000000001,15.895500000000002,26.261923917882115,32.3095,20.495,2.629966689125929,217.15,177.13,196.19696758946657,2.7405012478777593,1.9183508735144315,180.8587096774194
75,FINNIFTY,2025-02-27,15.588981746567633,2.321116660332038,6.716156069612466,17.226145161290322,1.125,9.875,1.625,27.585,8.895999999999999,15.371319097090149,20.231,10.954,1.9025778335730628,25295.0,22465.0,23853.176092730137,211.5098634040747,148.05690438285228,23328.924193548384
76,GAIL,2025-02-27,29.054706745706266,2.810255644997724,10.33881269749386,30.401177419354845,1.0,17.25,2.25,42.602,18.011,28.922528725314184,34.6725,23.4365,2.5741117290753355,246.89,156.25,201.12138937654737,2.619141437775892,1.8333990064431243,163.99161290322576
77,GLENMARK,2025-02-27,30.226039118671242,4.304868411032384,7.0213619169424275,35.12722580645161,1.5,19.0,2.75,51.2075,21.622,29.821902392881373,38.835,21.622,3.8929933483940244,1834.95,1297.1,1599.6240209318028,25.509761140916805,17.85683279864176,1384.0935483870971
78,GMRAIRPORT,2025-02-27,31.642513385023943,3.112928470031744,10.16487005392105,34.26911290322581,1.875,16.0,3.75,49.088,23.959,31.116713269182064,37.868,25.4175,2.0822503173899687,86.05,68.41,81.52125950934055,1.2804022763157894,0.8962815934210525,70.77451612903226
79,GNFC,2025-02-27,28.583021356815394,7.027412737563202,4.067360552772475,30.705306451612906,2.625,22.625,4.625,47.606,8.547,29.377047593907562,42.63,14.671,5.650841130795183,709.85,517.2,609.1970301598019,8.784141748302208,6.148899223811545,545.6596774193547
80,GODREJCP,2025-02-27,24.66394186833008,2.817833526361622,8.752803044463768,25.44004838709678,1.125,10.625,1.75,41.169500000000006,15.731,24.135233509594414,30.298,19.03,2.1062679639697124,1536.65,1006.6,1238.5795566058969,13.585655313667235,9.509958719567065,1016.091935483871
81,GODREJPROP,2025-02-27,33.78214503565829,3.5916602465690843,9.405718446762473,40.0081129032258,1.375,14.875,2.625,50.7345,25.703,33.180362345629405,40.9475,26.61,2.607520149507872,3414.9,1905.85,2745.9123317578214,41.61054310950763,29.12738017665534,1976.0451612903223
82,GRANULES,2025-02-27,32.71297365346855,6.769513299010859,4.832396689175346,34.73953225806452,2.125,18.0,3.0,60.685,11.881,32.818688868848234,46.198,19.266,6.1192889251424525,696.45,501.9,579.2068726064688,9.435439800933786,6.60480786065365,518.391935483871
83,GRASIM,2025-02-27,22.05477384889022,2.4371297546799027,9.049486924748058,23.44974193548387,1.75,14.125,2.25,33.182,16.396,21.828400195899174,26.929,17.182,2.1691697510171775,2847.95,2285.65,2603.189785055143,30.26868005093379,21.18807603565365,2464.988709677419
84,GUJGASLTD,2025-02-27,28.083796836189382,3.1863230479329103,8.813857356493848,29.326080645161294,1.5,16.125,3.25,47.887,19.697,27.76894418879832,34.453,21.7115,2.766579319854638,681.2,385.3,529.5325950934055,6.0627813039049245,4.243946912733447,393.0193548387098
85,HAL,2025-02-27,32.60186290302378,6.157447337920735,5.294704300960026,38.565838709677415,1.875,15.75,2.75,54.87599999999999,23.844500000000004,31.400684636300007,44.916,23.844500000000004,4.4236652949231,4969.1,3303.8,4264.293583164528,67.69116605942276,47.38381624159592,3350.5209677419357
86,HAVELLS,2025-02-27,24.725443296257332,2.7490274212116006,8.99425124153905,25.785822580645164,1.5,17.0,2.5,37.061,16.662,24.477013566499373,30.2185,19.233,2.4297264868188635,2116.6,1480.25,1743.2867679495835,20.51805045713073,14.36263531999151,1512.9258064516127
87,HCLTECH,2025-02-27,21.917333258179266,2.673378508612707,8.198365172596828,20.1953064516129,0.375,10.75,1.625,30.418500000000005,16.340500000000002,21.744253971733638,27.264,16.577,2.5031784053088266,1989.25,1675.75,1832.1393146522619,18.33468098089983,12.83427668662988,1724.9983870967744
88,HDFCAMC,2025-02-27,27.568587704794833,3.000075135194217,9.189299088341038,30.851822580645166,1.25,15.5,2.75,38.9445,19.224,27.308622457638354,33.5685,21.5695,2.5729298596284553,4877.9,3580.0,4261.243569660139,60.70826793803057,42.4957875566214,3746.6403225806453
89,HDFCBANK,2025-02-27,17.83438159527473,2.1664163450686136,8.232204135585901,16.17808064516129,1.0,10.375,1.625,24.263,12.2985,17.79183246459222,22.167,13.502,1.9000074446208672,1880.0,1628.65,1732.3545701102857,14.65861828140917,10.261032796986418,1722.593548387097
90,HDFCLIFE,2025-02-27,23.552138245904104,2.429783602692454,9.693101155101168,22.56535483870968,1.375,14.25,2.625,31.907000000000004,15.195999999999998,23.495490361807125,28.4105,18.693,1.793187469716175,762.85,586.2,673.6184244879587,7.348585950764008,5.144010165534805,618.8790322580646
91,HEROMOTOCO,2025-02-27,26.80717399221082,3.5981179934984993,7.450332101573423,23.91514516129032,1.125,12.25,2.5,43.361,20.436,26.086778254377627,34.002500000000005,20.436,2.4366222098942654,6270.5,3771.85,4830.873573036238,48.474111204159584,33.9318778429117,3849.264516129032
92,HFCL,2025-02-27,41.15082600842145,3.003060624658425,13.702962128212791,49.01240322580646,1.5,12.875,2.625,57.312,32.305,40.660761299146166,47.1435,35.151,1.9406411087618787,137.05,81.88,121.83185617825795,2.1516445016129038,1.5061511511290326,83.68516129032257
93,HINDALCO,2025-02-27,27.757445649723177,3.614912318243452,7.67859444602269,26.787274193548384,1.5,14.25,2.5,47.273,19.378,27.22157670198676,34.985,20.7255,2.8967002899424314,771.0,559.3,657.1009036686924,8.59871501612903,6.019100511290321,611.3790322580647
94,HINDCOPPER,2025-02-27,36.01350355729245,7.2179082352472035,4.989465421772439,41.387774193548395,2.125,18.125,3.875,101.367,9.721,35.70499119732126,50.43500000000001,22.578,5.936264376123991,355.35,206.77,280.206853252307,4.633688066553481,3.2435816465874368,213.52774193548387
95,HINDPETRO,2025-02-27,34.31448530738013,3.394586918295411,10.108589390490883,36.40701612903225,1.625,13.125,2.5,45.975,23.799,33.969951661112,41.103,27.527,2.8936372077857735,458.1,303.3,389.7145273463876,6.122127185908318,4.285489030135822,320.4
96,HINDUNILVR,2025-02-27,18.754260959967937,1.6307736800888788,11.500222985537643,19.295161290322582,1.125,10.625,1.5,27.06,14.6235,18.600327737549488,22.0155,15.4965,1.4111725124816066,3051.65,2274.45,2558.4528314202116,23.317186884550086,16.32203081918506,2296.5838709677423
97,HUDCO,2025-02-27,51.93563032911271,9.459195098169577,5.490491504838782,46.24182258064516,1.75,14.75,2.625,61.3005,29.916,51.93750782546833,61.3005,33.033,9.45767076776793,262.6,184.87,228.24104973647266,4.372772770033955,3.0609409390237685,180.53387096774193
98,ICICIBANK,2025-02-27,19.633394455372514,2.2183301825333896,8.850528478565204,18.46972580645161,1.375,10.375,1.25,28.9285,14.663,19.270487671340792,24.0695,15.201,1.7317946985635568,1351.35,1196.8,1275.3878404231375,12.124402901103563,8.487082030772493,1246.3435483870967
99,ICICIGI,2025-02-27,25.62572399669322,2.593385134859533,9.881187199016317,25.021451612903228,1.375,13.75,2.5,36.285,16.137999999999998,25.247503442596393,30.812,20.446,1.9204792787573581,2281.0,1712.4,1960.4968917398153,22.93281886247878,16.052973203735146,1743.2693548387097
100,ICICIPRULI,2025-02-27,27.188686720276564,2.493960118403308,10.901812951878076,26.274951612903227,1.5,13.5,2.125,48.5495,17.560000000000002,27.103193384357304,32.175,22.203,2.1901472154781794,798.0,566.05,693.1261456223273,7.935726833191851,5.555008783234296,574.9467741935483
101,IDEA,2025-02-27,61.37179176791843,12.92571867683876,4.748037095831959,64.53275806451613,1.125,10.375,1.875,292.675,33.748,60.556297356996936,87.153,35.628,11.265567464290084,14.93,6.67,9.006440212968775,0.2744340448217318,0.19210383137521223,8.101290322580647
102,IDFCFIRSTB,2025-02-27,27.87013873862798,4.86053543289257,5.733964729487032,31.963854838709675,1.125,11.125,1.875,192.238,6.784999999999999,27.684310968883874,37.5905,18.152,3.7065646521040923,75.61,56.45,66.52678235426514,1.0045061960101869,0.7031543372071307,59.74161290322581
103,IEX,2025-02-27,33.656801242547225,4.007755472167004,8.397917856088387,35.1983870967742,1.5,14.5,3.125,58.56099999999999,12.256,33.54441738266635,41.669,25.677,3.5553466816241834,239.55,159.46,185.36211111362147,3.0502181239388797,2.1351526867572157,165.1106451612903
104,IGL,2025-02-27,33.32384832656947,5.473259846432613,6.088482780200805,35.67785483870968,1.125,11.25,2.75,66.944,21.104,33.118355718422926,44.2575,22.396,5.015498550541031,573.1,181.32,410.2728296196264,3.5893799749575552,2.5125659824702886,191.7948387096774
105,INDHOTEL,2025-02-27,27.435739703725798,3.1563159926877176,8.692329845074628,31.87343548387097,1.25,14.75,3.0,37.759,18.971,27.002192901153297,33.748,21.1265,2.6398453495504346,894.0,650.6,757.5978753094756,12.069966752971139,8.448976727079797,722.3129032258065
106,INDIAMART,2025-02-27,32.131193428301984,3.928072831594232,8.179887391563803,29.893419354838706,1.375,15.125,2.625,104.088,22.5,31.69692375147464,39.987,24.291,2.9638596574287783,3184.95,1982.0,2506.412275489534,32.46189341256367,22.723325388794567,2066.896774193548
107,INDIANB,2025-02-27,41.9173105823493,5.331709111643553,7.861890006491346,35.988112903225804,1.125,12.25,2.0,52.041,24.234,42.10577641141646,52.041,31.256,5.137955460664599,618.45,476.75,551.8696161470534,9.798237265704582,6.858766085993207,518.05
108,INDIGO,2025-02-27,26.141468410240996,2.7912873435162466,9.365380626600057,27.669193548387096,1.125,14.5,2.25,57.0125,19.5815,25.845758565519393,31.721,20.57,2.316712921113606,5038.35,3799.0,4445.533948908395,63.27580496179966,44.29306347325976,4353.843548387097
109,INDUSINDBK,2025-02-27,26.434931284132475,5.4646818963818955,4.837414470846829,28.310983870967746,1.25,14.0,2.125,52.37149999999999,13.5395,25.917324488199245,37.363,15.514,4.756568983688939,1498.6,929.6,1135.2674487958586,15.29240144567063,10.70468101196944,1026.6467741935483
110,INDUSTOWER,2025-02-27,32.569433538754446,3.934750565918983,8.277382007605778,36.81472580645161,1.25,13.625,2.25,71.193,24.718,32.16720283555832,40.432500000000005,24.718,3.1155186893096274,457.3,316.6,363.4255717887533,6.520081702037352,4.564057191426146,337.00645161290316
111,INFY,2025-02-27,21.287720201412895,3.1703638367572964,6.714598480654621,19.909016129032256,0.25,10.625,1.875,28.95950000000001,14.804499999999996,21.201015855485313,27.628,14.951999999999998,3.0948722553897947,2008.35,1747.65,1899.4060249119957,19.38195112308998,13.567365786162986,1850.4774193548387
112,IOC,2025-02-27,27.74569025251766,2.870832884856783,9.664683165248682,28.291096774193555,1.625,13.625,2.0,38.414,19.15,27.38563068347711,33.484,22.007,2.3893810096547465,184.92,114.68,145.96816857978843,1.769235851952462,1.2384650963667234,118.97709677419354
113,IPCALAB,2025-02-27,28.683488501139863,3.940433464566373,7.2792723843888965,30.81166129032258,1.375,17.25,3.0,45.41,20.49,27.965021542869497,36.555,20.823,3.0956900770004356,1759.8,1371.8,1542.9659205491782,23.83687417402377,16.685811921816637,1469.833870967742
114,IRB,2025-02-27,45.537944041352496,6.944540411927772,6.557373323530185,43.74356451612904,2.0,15.5,3.375,54.54,30.068,45.56659195770967,54.54,31.711,6.921743472421676,61.63,46.65,54.22212783373883,1.0606663248726658,0.742466427410866,46.23838709677419
115,IRCTC,2025-02-27,26.37129583416186,4.7293796444142915,5.576058133820594,28.365161290322586,1.625,17.75,3.0,44.58,17.265,25.28308589591957,35.8265,17.265,2.8499348970937852,958.25,706.45,833.2459351789331,10.671272258064517,7.469890580645162,716.0935483870966
116,IRFC,2025-02-27,56.67903658652252,14.00046099789501,4.048369306913844,42.761532258064506,1.125,12.0,2.375,84.916,31.111,56.67836703578121,69.27600000000001,31.111,13.999951766162205,166.37,117.23,144.8614888808534,2.634110387096774,1.8438772709677416,117.43709677419355
117,ITC,2025-02-27,18.267223572404024,4.053552474023194,4.506472702516568,18.15491935483871,1.0,10.875,1.875,30.607,5.001,18.55669184121911,26.374,10.1645,1.963511620101248,532.0,404.75,474.9176817465676,3.869864388794568,2.708905072156197,405.5032258064516
118,JINDALSTEL,2025-02-27,29.094846829716904,3.0226991992204937,9.6254522571151,31.93896774193549,1.0,15.125,2.125,52.089000000000006,22.768,28.71431754954767,35.14,23.103,2.547686461755867,1074.85,748.05,934.2140187757491,14.233853123938882,9.963697186757217,848.0193548387098
119,JIOFIN,2025-02-27,35.16576564945227,5.362847589933802,6.557293501209933,31.34761290322581,1.5,14.125,3.125,46.087,21.8985,35.28812156980227,45.82000000000001,24.441000000000003,5.255736105993518,348.7,217.47,307.80829642133693,3.650182041426146,2.555127428998302,221.45451612903224
120,JKCEMENT,2025-02-27,29.35935923284977,3.3992578431012155,8.636990951549764,28.72143548387097,1.5,13.875,2.375,43.691,16.987,29.124678104194196,36.1545,22.574,2.8528686457148167,4988.0,3910.95,4525.338732838172,68.34189990662139,47.839329934634975,4534.2225806451615
121,JSL,2025-02-27,36.600157205861436,3.625368932916207,10.095567618940418,36.569258064516134,1.25,16.25,3.75,53.889,19.164,36.87265011006807,43.837,29.351,2.7877063499789143,765.95,572.5,679.760557056043,11.216176387945671,7.851323471561969,584.1645161290323
122,JSWENERGY,2025-02-27,35.20561109925547,4.055286107209254,8.681412400636534,45.826709677419345,0.875,12.25,2.375,66.33200000000001,29.985,34.44214453076056,43.31549999999999,29.985,2.4359954713454846,702.0,419.4,628.4634256133243,10.577528173174871,7.404269721222409,440.8516129032257
123,JSWSTEEL,2025-02-27,25.69919206874092,1.7509402059071812,14.677367040884123,24.887870967741936,0.625,10.875,1.875,32.844,19.6695,25.58189836899791,29.2,22.198,1.5550305987241453,1068.2,882.55,962.1357191087103,12.8080843327674,8.965659032937179,978.6645161290323
124,JUBLFOOD,2025-02-27,29.093139376706663,3.93991775866822,7.38419966069058,31.46183870967742,2.375,21.875,4.75,42.4035,18.188,28.45116355741396,36.971,21.2215,3.145127634334452,795.95,556.65,666.3241998649562,11.467840209677417,8.027488146774191,695.2290322580644
125,KALYANKJIL,2025-02-27,46.594914674918186,6.687499112466731,6.96746480131215,55.71261290322581,0.875,10.625,1.5,82.514,24.568,46.42785047474269,59.968,33.225,5.734134299961414,795.95,420.05,671.4969783929777,14.170063255517828,9.91904427886248,483.09354838709675
126,KEI,2025-02-27,44.94166727130459,8.051568785069321,5.5817280421976365,39.89538709677419,0.625,12.375,1.875,61.6425,26.603,45.028958026051136,51.758,28.871,7.913826401166443,4601.65,3512.1,4299.693146154387,71.5712745730051,50.099892201103565,3415.335483870968
127,KOTAKBANK,2025-02-27,19.754869301696584,2.223864709512248,8.883125496437842,19.827209677419354,0.875,10.875,1.625,27.4595,13.975,19.566501781783877,24.2025,15.308,1.881003457088264,1993.6,1684.65,1824.2011366194013,20.496117119694393,14.347281983786074,1962.81935483871
128,KPITTECH,2025-02-27,32.75333175653246,4.90595953494488,6.676233573316755,35.61404838709677,1.0,15.25,1.75,57.863,24.207,32.00339410720536,42.551,24.207,3.7437597838616035,1568.95,1247.95,1410.5483197911274,24.875475586587434,17.412832910611204,1328.5741935483873
129,LALPATHLAB,2025-02-27,27.391379014479682,2.7761562353652276,9.866656157727416,28.100225806451615,0.75,13.125,2.375,41.985,20.1805,27.265250083933783,32.940999999999995,21.8425,2.4980508481832473,3609.45,2593.55,3086.01,38.79088276655348,27.153617936587434,2633.904838709678
130,LAURUSLABS,2025-02-27,32.8022865749787,3.9436263086256234,8.317797886486483,40.98893548387097,1.75,15.25,2.75,61.205,22.0525,32.150838261265115,40.689,24.923,2.909317860742016,647.15,430.1,533.0037891064595,11.736858078947368,8.215800655263157,545.4854838709676
131,LICHSGFIN,2025-02-27,28.934924833408488,3.6904347039853302,7.840519384386188,30.954951612903226,1.625,16.5,2.375,70.063,21.386,28.625209339547748,36.314,21.664,2.823996082060825,732.55,521.0,617.6548897141571,8.650279767826827,6.055195837478779,531.9080645161291
132,LICI,2025-02-27,30.77985778027656,4.35297163932175,7.070998924558228,25.9525,1.5,15.375,3.0,44.026,19.709,31.051347764537883,38.559,22.0785,4.105146823902586,1012.0,743.25,917.6578392977718,10.381,7.266699999999999,761.4322580645161
133,LODHA,2025-02-27,42.31288279670976,3.930360835281074,10.765648389553988,39.87798387096774,0.875,14.75,1.5,68.556,29.121,42.058432536039504,50.14999999999999,34.4575,3.111083470600195,1521.95,1069.05,1288.4839950483906,24.513416453735147,17.1593915176146,1166.475806451613
137,LT,2025-02-27,20.666313104363944,2.284424127176403,9.04661829583631,21.497983870967747,0.875,12.0,2.0,29.1515,13.389,20.34946624104724,25.2345,16.101,1.7677250446527117,3966.2,3190.2,3599.960202565834,36.44700297113753,25.51290207979627,3224.709677419355
134,LTF,2025-02-27,31.376708439801593,4.3165931146349275,7.268859400581992,37.95893548387097,1.125,14.125,2.25,57.8175,11.452,31.647261589763055,40.0065,22.846,3.0325606999937476,190.8,126.21,151.37498131892866,2.6385455838709677,1.8469819087096773,132.0325806451613
135,LTIM,2025-02-27,26.946893293752197,3.122318013503692,8.630412782173297,29.73574193548387,0.75,11.75,1.375,36.558,17.513,26.954586237066344,33.184999999999995,20.703,3.0460458239256982,6793.65,5430.1,6073.232969840198,88.42470628183361,61.897294397283524,5665.712903225805
136,LTTS,2025-02-27,28.675052971090736,2.8817757088277784,9.950480491333902,31.507209677419358,1.375,15.0,2.125,42.479,16.398,28.524721857313466,34.438,22.9125,2.648798575643625,5819.8,4677.15,5264.847225973442,81.68327022580647,57.17828915806452,4936.548387096775
138,LUPIN,2025-02-27,26.313079936369064,4.085326937229822,6.440874950931451,28.601564516129038,2.125,19.25,4.0,41.54,18.613,25.37998763414501,34.482,18.613,2.8682787779514536,2413.0,1937.0,2165.0130036011706,30.227337657045844,21.159136359932088,2013.1241935483872
140,M&M,2025-02-27,27.267770830719822,3.40539043167831,8.007237753728342,32.42511290322581,1.25,11.375,1.5,39.88,18.4075,26.899937264875753,34.0775,20.463,2.9214445240036664,3269.05,2647.1,2979.1860882286746,47.464392243208835,33.225074570246186,2789.7
139,M&MFIN,2025-02-27,31.50586972042688,3.4306704792908347,9.183589595856365,34.40191935483872,1.875,17.125,2.875,44.031,23.323,31.20993431247228,38.364,24.649,3.0529105256423805,336.9,250.05,285.2306740940806,4.941201995755518,3.4588413970288627,272.99032258064517
141,MANAPPURAM,2025-02-27,38.16287915092464,18.512212569659187,2.0614974578172327,58.794967741935494,1.375,10.875,2.375,320.697,11.059,36.32811560941201,74.832,11.059,7.416588379410014,217.12,138.0,182.7215689849201,5.848242607130731,4.0937698249915115,189.18096774193552
142,MARICO,2025-02-27,24.07505010271056,2.018852075291495,11.925118436047102,22.303596774193554,1.125,11.5,2.375,39.316,14.743,23.995208651664885,28.107000000000003,20.046,1.7026158253602488,723.2,583.1,655.3895149673643,7.34316576952462,5.1402160386672335,626.3064516129031
143,MARUTI,2025-02-27,20.692044153013676,2.2584513072020425,9.162050156684009,16.458032258064513,0.625,9.625,1.25,28.95,13.097,20.438750204761025,25.2085,16.1795,1.8974606534001979,13614.45,10780.6,11943.26953747468,110.8335864991511,77.58351054940576,12791.572580645163
144,MAXHEALTH,2025-02-27,38.87174225826339,4.2671296728545,9.109576047230856,34.76606451612903,0.875,15.0,2.5,50.864,25.633,39.09143760472063,47.204,30.34,4.062547682531847,1228.05,975.5,1044.2281296421336,19.03716501188455,13.326015508319184,1037.7983870967741
145,MCX,2025-02-27,37.16181390529607,3.9588911191478173,9.386924971378209,37.9778870967742,1.875,15.25,2.5,57.7,22.4555,36.401133500957854,45.0655,29.255,2.489411320881829,7079.0,5151.05,6060.281284042315,108.45685020373516,75.9197951426146,5451.304838709678
146,METROPOLIS,2025-02-27,29.732944765034997,2.8192227180047844,10.546504387591465,27.58554838709677,1.0,18.625,3.125,42.365,17.495,29.562824107745858,35.367,24.102,2.519913598030636,2312.45,1635.0,2064.5041345937425,24.008138322580642,16.805696825806447,1652.7822580645159
147,MFSL,2025-02-27,31.027692580041474,2.957710433769234,10.490442954045552,28.781387096774193,1.5,16.125,4.0,46.2795,19.0,30.899861755964338,36.939,25.122,2.55080847774419,1306.95,1020.85,1149.5711489984244,16.067588049235994,11.247311634465195,1065.4854838709678
148,MGL,2025-02-27,33.876968034470664,3.0477081945879405,11.11555499133044,34.58080645161291,1.875,13.75,3.375,67.13799999999999,27.711,33.56126887830386,39.971,27.800000000000004,2.4599774839507327,1970.2,1085.4,1467.5723418861128,23.71697309847199,16.60188116893039,1304.95
149,MOTHERSON,2025-02-27,33.93634913695919,4.10437235550825,8.268340734586397,38.778306451612906,1.75,16.125,3.25,50.85,24.5195,33.43218175839208,42.1445,25.842,3.4526380902101037,218.65,121.57,171.52095498537028,2.6108005059422754,1.8275603541595926,128.31354838709677
150,MPHASIS,2025-02-27,32.104619332130866,3.0205764294565487,10.628639957276967,31.758419354838708,1.625,14.375,2.25,43.1205,24.025,31.857842679960438,38.1455,26.064,2.507405097280129,3237.2,2546.65,2958.2898396929336,43.14882718081493,30.20417902657045,2585.253225806451
151,MRF,2025-02-27,22.88127068018165,3.04823362769171,7.506403207522058,20.52074193548387,1.375,16.625,3.125,36.535,15.065,22.561859723572535,28.97,16.792,2.568639949672294,143431.8,106550.0,125837.09384875084,1179.7055927190152,825.7939149033106,109267.67258064516
152,MUTHOOTFIN,2025-02-27,27.755692486910345,4.206837097842341,6.597757850225781,27.52835483870968,1.875,18.5,3.0,42.489,20.341,26.876096506953502,36.168,20.341,3.016314093162044,2340.5,1758.5,2046.1236011703802,32.498671747877765,22.749070223514433,2247.6338709677416
153,NATIONALUM,2025-02-27,36.59075410842226,6.283760968407304,5.823065882421151,39.24853225806452,1.625,16.25,2.875,140.787,11.234,36.814721016332975,49.1575,24.043,4.876886157501515,258.79,166.64,212.358593067747,3.7131177228353147,2.59918240598472,180.17
154,NAUKRI,2025-02-27,30.097562109541613,3.510826078466831,8.572786414610759,32.38211290322581,1.125,11.5,2.0,43.644,21.096,29.60420770798592,37.109,23.077,2.7857101769500514,9138.9,6989.65,8017.393512266487,128.52886691723262,89.97020684206282,7554.972580645162
155,NAVINFLUOR,2025-02-27,29.19763259682349,3.401408292204229,8.583983482295336,32.220370967741935,1.5,13.75,3.25,61.664,20.574,28.868597197989633,35.998000000000005,22.396,2.989958069313894,4310.95,3164.0,3536.586055593068,69.15763466426147,48.410344264983024,4085.4419354838715
156,NBCC,2025-02-27,65.4308629217746,3.9871254157319456,16.410535435781618,51.99943548387097,1.0,12.125,2.125,107.68200000000002,36.704,66.28741695169143,69.828,57.467,0.9529430159635435,101.0,85.66,93.76322145920732,2.1240400988964345,1.486828069227504,77.7648387096774
157,NCC,2025-02-27,39.56936358198957,3.6441141373405124,10.858431457052944,42.25903225806452,1.5,17.875,2.875,58.108,29.374,39.16870294518961,46.854,32.282,2.617897074595305,327.65,183.2,290.2389916722935,4.140273081494058,2.8981911570458405,186.56612903225803
158,NESTLEIND,2025-02-27,18.96435023047247,2.039719737575465,9.297527440223062,18.236451612903227,1.25,11.875,1.75,32.58,14.3155,18.805445161290322,23.043,14.8885,1.8270543232008822,2788.15,2123.5,2335.749404681522,21.314572682512736,14.920200877758914,2222.8693548387096
159,NHPC,2025-02-27,39.102137494616954,5.868576409298035,6.662968114833514,35.60211290322581,1.375,16.125,2.75,161.344,25.605,39.122861477477464,50.068,27.365,5.578854277539852,89.12,70.81,80.20853239550927,1.3688075513582343,0.9581652859507639,73.09
161,NIFTY,2025-02-27,13.233141492234976,1.5557542315747608,8.505933150405232,14.060032258064515,0.875,11.625,2.0,18.676,9.293499999999998,13.018966340908012,16.3445,10.131,1.2429706670983791,26402.15,22835.7,24352.3005716858,169.8914397835314,118.92400784847197,22972.33064516129
160,NIFTYNXT50,2025-02-27,19.635650045014632,4.329033433609714,4.53580466544045,25.349645161290326,1.125,12.5,1.875,39.764,5.12,19.461570170617197,28.187,11.076,4.142609110409352,77728.55,58403.0,69983.79225410757,792.0196437478779,554.4137506235145,59448.22419354838
162,NMDC,2025-02-27,33.13799102220424,4.324030602454304,7.663680965485129,37.327274193548384,1.125,13.375,2.5,216.374,16.933,32.8333754513111,41.7805,24.849,3.4273709535779044,249.5,59.95,173.07433738465002,1.238479665874363,0.8669357661120541,63.111935483870965
163,NTPC,2025-02-27,24.68532951556063,3.3817712523449535,7.29952668987992,24.730032258064515,1.375,16.25,2.625,38.979,16.8295,24.34172370128185,31.448500000000003,17.9695,3.0126765143257037,449.25,293.95,371.0032050416385,4.056376080645161,2.8394632564516127,311.1806451612903
164,NYKAA,2025-02-27,37.87557691942903,3.12861626962755,12.10617527215569,35.37272580645161,1.25,16.25,2.75,54.359,26.934,37.75641592642088,44.129000000000005,31.622,1.9938760101926327,181.01,159.5,170.2409275644362,3.189502834295416,2.232651984006791,171.46000000000004
165,OBEROIRLTY,2025-02-27,32.61916604038279,3.5563400718291733,9.172116665323683,36.33840322580645,1.75,17.125,2.75,61.204,22.166000000000004,32.171987224342665,39.7305,25.508,2.765390481756287,2345.45,1542.5,1953.38744316903,30.4209811426146,21.29468679983022,1594.5435483870963
166,OFSS,2025-02-27,36.023880680394804,3.388989040199811,10.629683440425312,36.5505806451613,0.875,11.625,1.375,55.02,18.8005,35.82746001814411,42.8005,29.2495,2.942909481137229,12950.0,8298.0,11213.348208417736,168.42988489983026,117.90091942988117,8788.093548387098
167,OIL,2025-02-27,37.176954172448454,3.865745724358266,9.617020058560636,44.33624193548386,0.75,14.75,2.375,55.902,25.177,36.30176563828965,44.905,29.499,2.0329803232135046,504.2,379.15,474.3251429214494,9.269774794142613,6.488842355899829,398.6354838709678
168,ONGC,2025-02-27,26.40776285134526,3.298864493873594,8.005106878560122,26.703387096774193,1.125,12.875,2.25,42.708,18.388,26.10184132710624,33.004,19.824,2.920206050168517,331.5,226.7,266.9077340001351,3.320355369269949,2.324248758488964,236.5467741935484
169,PAGEIND,2025-02-27,25.076433637754974,2.6065645620706124,9.62049204637182,24.098677419354843,1.625,16.25,2.375,40.001,18.327,24.67068294394999,30.288000000000004,19.915,1.9489081706142437,49920.0,40134.3,44886.105726986265,515.8486787300511,361.09407511103575,40657.588709677424
170,PAYTM,2025-02-27,58.27205440555792,12.667210910117614,4.600227691718198,47.78966129032259,1.375,16.5,2.5,69.554,35.4545,58.27205440555792,69.554,35.4545,12.667210910117614,1065.9,709.25,915.1504310150797,18.015444683786082,12.610811278650257,719.0870967741936
171,PEL,2025-02-27,34.69466372313242,4.2799857553871465,8.106256820939842,39.62898387096774,1.5,17.5,3.0,54.775,21.4795,34.285739910665306,43.252,26.145000000000003,3.0723766210551413,1279.0,900.95,1076.760101282917,19.18772826952462,13.431409788667233,921.8709677419356
172,PERSISTENT,2025-02-27,32.72891059171301,3.651730283231987,8.962576108645703,36.473612903225806,1.375,13.875,2.125,45.1765,23.487,32.61744614988411,40.0305,25.4305,3.3851027471068345,6793.8,5119.4,5831.981442718883,110.96136893887945,77.67295825721561,5789.24193548387
173,PETRONET,2025-02-27,24.95848781251566,3.7954827745415067,6.575840096002184,34.75733870967742,1.625,12.5,2.125,43.901,17.8795,24.395446825898976,32.5475,17.8795,2.914163132431589,373.5,282.35,333.5610942558924,5.2684808149405775,3.687936570458404,288.32419354838714
174,PFC,2025-02-27,36.38337263869556,4.972217603720424,7.317333137526398,40.47812903225807,1.5,15.875,2.75,53.99699999999999,26.8575,35.697832096959566,46.321,26.8575,4.012420039958605,569.3,357.55,462.5674352914697,7.98164791680815,5.587153541765705,375.30645161290323
175,PHOENIXLTD,2025-02-27,47.54521074595722,1.532129264706273,31.032114483546653,42.50467741935485,1.375,13.625,1.75,64.833,34.959,47.712839655738115,50.589,44.492,0.46016356751414056,1735.0,1561.75,1648.0590866201173,35.793412563667246,25.055388794567072,1599.2516129032258
176,PIDILITIND,2025-02-27,22.19092710055614,2.4678602970458687,8.991970545139692,21.473483870967748,0.875,11.5,2.0,31.694,13.755,22.02515727650181,27.126,17.259,2.1645818267594974,3433.55,2743.0,3073.1448570785506,31.368239202037362,21.957767441426153,2774.5435483870965
177,PIIND,2025-02-27,27.746921539122958,2.761588599975432,10.047449333825394,26.55185483870968,1.375,17.125,2.25,42.564,18.871,27.397946396009868,33.266,22.234,2.15487586421929,4795.9,3105.45,4106.846659914472,44.28360273981325,30.998521917869272,3167.8983870967745
178,PNB,2025-02-27,31.596833170499526,3.56778307314544,8.856153113211288,32.568951612903234,1.0,12.125,2.5,226.232,15.728,31.497496432771467,38.728,24.471,2.7330194375575236,118.09,90.43,103.7902376772451,1.5763372580645163,1.1034360806451613,92.13290322580643
179,POLICYBZR,2025-02-27,45.468663536776226,5.262654479754887,8.639872465823364,43.54533870967742,1.625,15.75,3.375,55.285,31.658,45.53812056915225,55.285,34.945,5.201026484420859,2254.35,1483.15,1844.7135111411212,34.95200989431239,24.46640692601867,1529.6048387096776
180,POLYCAB,2025-02-27,29.668068615662108,4.5301328954753535,6.549050392162721,34.55704838709678,1.5,15.75,3.25,45.8535,19.572,29.162829276281315,38.7255,20.688,3.8834119556183593,7645.0,5290.0,6753.251682421787,98.4894066952462,68.94258468667233,5437.453225806451
181,POONAWALLA,2025-02-27,29.676889552805047,7.305982010910689,4.061998716734567,37.78329032258065,2.125,15.625,3.0,60.461,23.193,29.53317520202745,44.243,23.193,7.1591220578603085,373.35,279.25,343.344363042989,5.715219809847199,4.000653866893039,288.6790322580645
182,POWERGRID,2025-02-27,23.006571505632635,2.986283857751199,7.704080590301813,25.27459677419355,1.625,14.75,2.25,33.187,14.715,22.650963330948784,28.979,17.037,2.5921992011010784,368.3,253.3,317.64502925950933,3.537113306451613,2.475979314516129,266.82096774193553
183,PRESTIGE,2025-02-27,37.47609459619672,2.2597912695177715,16.58387440544185,38.663,1.375,14.75,2.5,58.222,31.486,37.14720115873412,41.995,33.087,1.6409074181094978,1906.95,1186.35,1605.9864562232726,24.91219881578947,17.43853917105263,1221.2870967741935
184,PVRINOX,2025-02-27,32.08360493905215,5.248378494426186,6.113050911462494,34.200322580645164,1.0,17.875,2.375,55.647000000000006,20.937,31.107033730482563,42.56,21.59,3.9554963789159463,1738.0,987.0,1413.8071280666215,17.7661675721562,12.436317300509339,991.3129032258065
185,RAMCOCEM,2025-02-27,25.863484156087196,3.145408197508652,8.222616122312072,30.324112903225807,1.125,13.875,1.875,42.95,15.496,25.431703940620782,32.151,19.574,2.343289756228856,1060.5,818.0,909.002252982219,13.6051526549236,9.52360685844652,853.3516129032257
186,RBLBANK,2025-02-27,35.02212656749447,8.009447182308215,4.372602224639624,42.70795161290324,1.375,12.25,2.5,105.639,13.038,34.80471361191237,50.993,19.122,6.437826521649251,230.4,146.01,176.71425365743866,3.370781275721563,2.359546893005094,150.8558064516129
187,RECLTD,2025-02-27,35.764458339596175,4.725486500549183,7.568418264540536,40.713661290322584,1.625,16.5,2.5,56.131,24.521,35.29730127322333,45.209500000000006,26.325,3.9899239807497033,638.45,376.45,515.6377222597345,8.277730187606114,5.79441113132428,386.5209677419354
188,RELIANCE,2025-02-27,19.836715015782353,2.3845112560900925,8.318985689465277,19.292870967741933,1.0,13.25,1.75,27.289,12.773,19.61714876262493,24.6055,15.072999999999997,2.0374056770752884,3093.1,1198.75,1802.2431735313978,12.432224510186755,8.702557157130729,1225.659677419355
189,SAIL,2025-02-27,34.8756775328097,6.558511664957881,5.31762072165708,36.338612903225794,2.125,18.75,4.125,112.955,8.724,35.22268944701951,47.992,21.837,4.600058389656904,145.34,99.33,119.42324420436643,1.9980499421052627,1.3986349594736838,104.64645161290322
190,SBICARD,2025-02-27,24.03596090736009,3.8405410778705793,6.258482963730473,28.067500000000003,1.25,11.0,2.0,42.1465,16.8345,23.552989577074786,31.7155,16.8345,3.0623932728626806,869.15,653.75,740.4466936754445,12.738951907894739,8.917266335526318,863.667741935484
191,SBILIFE,2025-02-27,23.53132380129265,2.345398207739421,10.032975945680876,21.05914516129032,0.875,12.5,2.0,37.527,15.71,23.304653559330934,28.221,18.8445,2.010329568863765,1936.5,1377.7,1593.9135730362368,16.34411339728353,11.440879378098469,1474.7612903225809
192,SBIN,2025-02-27,22.8866359359711,3.191742628836352,7.17057689088018,22.07203225806451,0.75,11.25,2.25,36.35,16.248,22.284063843674243,29.268,16.517,2.100737218447484,877.65,713.95,801.3478494260636,8.430935479626484,5.9016548357385386,726.033870967742
193,SHREECEM,2025-02-27,24.544915764817876,2.818610580490298,8.708161366707238,24.590419354838712,0.875,13.125,1.75,36.477,14.284,24.263595363734215,30.178,18.909,2.247898378651967,28740.0,23562.3,25825.769909970742,367.83384657045843,257.4836925993209,28422.690322580645
194,SHRIRAMFIN,2025-02-27,32.78025549877248,3.8474976274688104,8.519889723840567,37.608612903225804,0.875,12.0,2.375,47.0775,21.4,32.11792834086508,40.4725,25.1655,2.857833007355654,3671.15,499.8,2538.314710781004,10.9490548565365,7.66433839957555,553.1290322580645
195,SIEMENS,2025-02-27,30.267058161467254,5.094949544751217,5.9406001758443665,34.913629032258065,1.75,18.25,3.125,50.82599999999999,18.6895,29.390778947229062,40.455,20.1045,3.73105423316908,8120.0,4757.75,6781.244987620977,88.8910182958404,62.223712807088276,4849.953225806452
196,SJVN,2025-02-27,44.531770362554234,6.3956723241646865,6.962797358191791,39.92411290322581,1.75,16.875,3.625,59.102,27.909,45.116226185179684,57.2145,31.757,5.817620689607791,124.2,84.52,111.07478618050868,1.8495370619694398,1.2946759433786077,88.18483870967742
197,SOLARINDS,2025-02-27,56.57476850567011,5.0616576342752175,11.177122712245845,33.458129032258064,1.25,13.625,2.625,58.604,31.017,57.96289459808734,58.604,46.461000000000006,0.8585025866178516,10489.85,9049.35,10163.459839933601,151.62167504923602,106.13517253446521,8644.311290322581
198,SONACOMS,2025-02-27,36.97304741072699,2.884471049691285,12.817964463427044,38.29198387096773,1.5,13.125,2.375,50.292,26.028,37.00535962601374,42.741,31.21,2.045186976865714,700.55,477.0,625.6898390726986,10.180629290747024,7.126440503522916,506.2774193548387
199,SRF,2025-02-27,26.00812007114585,3.1762743807692266,8.188247283865707,27.887483870967735,0.875,12.0,2.5,41.3035,15.664,25.658454068241472,32.3605,19.662,2.6020603284575907,2989.9,2144.25,2439.0150315102405,40.26512342275041,28.185586395925288,2745.904838709677
200,SUNPHARMA,2025-02-27,17.31710823438048,3.4072994921514423,5.082355770095832,19.459129032258062,1.0,11.375,2.0,32.1145,7.2225,17.330282787100845,24.12,10.503,2.9826826050326845,1972.95,1691.2,1826.0801834346162,17.454326659592528,12.218028661714769,1706.2064516129037
201,SUNTV,2025-02-27,29.02174341206818,3.7336945104058827,7.772929287916831,27.57638709677419,1.375,13.25,1.75,47.072,20.852,28.640727126805782,36.480500000000006,21.564,3.217567990994191,856.95,576.55,723.9764967364393,8.4296661188455,5.9007662831918495,581.298387096774
202,SUPREMEIND,2025-02-27,32.90348206240813,4.749311122096657,6.92805360956904,35.71427419354839,1.75,15.375,2.625,53.143,26.644,32.447016459283,42.401,26.644,4.214281783481655,5177.1,3490.0,4471.196486370901,68.67760942487268,48.074326597410874,3662.2983870967737
203,SYNGENE,2025-02-27,28.473787313993686,2.896382209632157,9.830811423748484,31.409919354838706,0.875,11.625,1.75,44.217,19.699,28.213875288774545,34.264,22.692,2.344539081449646,963.45,683.2,858.2961624164398,11.610924662563667,8.127647263794566,702.932258064516
204,TATACHEM,2025-02-27,29.596211167872134,3.959613435523628,7.4745203413924335,27.797274193548386,1.25,13.25,2.625,42.702,9.901,29.328753719163057,37.515,21.681,3.2277636425302068,1212.0,835.5,1051.758172406032,12.552663820033956,8.786864674023768,859.4322580645163
205,TATACOMM,2025-02-27,27.472841161881863,2.737951004607893,10.034087942277221,29.917870967741933,1.375,15.0,2.875,37.594,18.72,27.32195520706535,32.944,22.0015,2.503401243438865,2186.1,1471.35,1805.176722934954,23.462696650254667,16.423887655178266,1493.8967741935485
206,TATACONSUM,2025-02-27,22.46604505486247,2.6240797403131046,8.561494801290538,22.319370967741936,0.625,11.625,1.75,40.69,13.4635,22.336132970713468,27.71,17.218,2.210227797956163,1241.05,891.05,1030.4369603871257,12.058333841256367,8.440833688879456,1026.7
207,TATAELXSI,2025-02-27,35.97965572390573,6.059752846547059,5.937479074646996,26.36408064516129,0.625,15.0,2.125,42.047,22.633,35.98408772533207,42.047,23.941000000000003,6.055875351304383,7506.1,5866.6,6665.777119063697,84.71889177843804,59.30322424490662,6110.5741935483875
208,TATAMOTORS,2025-02-27,27.90035526806353,3.756465536821126,7.427289028631405,28.835241935483868,0.75,11.0,1.5,44.5675,20.651,27.231448416684287,35.406000000000006,20.651,2.7188398172337926,1095.3,669.8,834.2285550303848,10.365510653650254,7.2558574575551775,682.8903225806451
209,TATAPOWER,2025-02-27,28.190300781447576,2.8656628895586524,9.837270421500707,30.889887096774196,1.375,17.375,3.25,39.996500000000005,20.14,27.823840495070723,33.9215,22.4635,2.266646460278924,498.15,326.05,414.20018906144503,5.5235995479626485,3.866519683573854,340.38709677419354
210,TATASTEEL,2025-02-27,26.488394589018963,2.4498205080673,10.812381765028187,28.170790322580643,1.5,15.125,2.125,35.449000000000005,18.6935,26.223007930889835,31.388,21.589,2.055604542562419,171.57,122.91,145.32991559756923,1.9912300738539899,1.3938610516977927,134.46612903225807
211,TCS,2025-02-27,19.54822824289794,2.0242802732960246,9.656878299302218,19.644483870967743,0.625,9.125,1.375,27.2775,15.107,19.49080034156187,23.5965,15.5,1.8862957413376706,4602.8,3873.7,4213.154169480081,40.054585652801364,28.03820995696095,3880.916129032258
212,TECHM,2025-02-27,24.792852174020947,2.503938375410801,9.90154247304644,24.35585483870968,0.75,11.0,1.375,33.047,18.3255,24.706180712512037,29.8005,19.787,2.4000246023674943,1805.05,1576.8,1683.9205458023857,21.774775169354843,15.242342618548388,1701.3693548387098
213,TIINDIA,2025-02-27,41.175511914445664,4.5906562020897015,8.969417464915422,41.18383870967742,1.0,12.5,1.75,50.470000000000006,25.519,41.76165619732838,49.393,31.998,3.869346676170176,3834.3,2718.1,3541.625293224299,56.48038343463497,39.53626840424448,2613.067741935484
214,TITAN,2025-02-27,22.33286889379532,2.240274703804149,9.96880822511297,22.202903225806452,0.625,12.375,2.5,31.775,14.488499999999998,21.961360261007904,26.813,17.858999999999998,1.6092988982358594,3897.0,3126.15,3446.938782354265,37.593020882852294,26.315114617996603,3220.8758064516123
215,TORNTPHARM,2025-02-27,26.509133398466858,2.915730221984707,9.091764799976032,24.044338709677415,0.875,13.125,2.125,36.582,16.444,26.14688513067146,32.34,20.6785,2.262185782863468,3595.0,2975.25,3327.7565867656995,38.564588307300504,26.995211815110352,3046.5290322580645
216,TORNTPOWER,2025-02-27,27.04020816785492,5.272288950955131,5.128741694431657,42.92432258064516,0.875,11.125,1.125,55.629,25.403,25.430002753953893,37.573,25.403,0.5567522893514056,1392.5,519.7,599.0752601898124,27.96293698641766,19.57405589049236,1239.15
217,TRENT,2025-02-27,35.48999153222771,5.0063095950530005,7.089052496333277,34.24635483870968,0.5,12.25,2.375,55.845,23.776,34.254076881823934,45.4965,25.533,3.1119290307057,8350.55,4943.0,6836.352122439792,89.92461926740238,62.94723348718166,5001.485483870967
218,TVSMOTOR,2025-02-27,27.009240555639057,3.045675734815302,8.86806177259608,27.882209677419354,1.375,15.0,2.5,46.8005,10.8355,26.801866781555173,33.1005,20.9185,2.728286247151715,2974.45,2181.4,2555.038197164078,34.51303938412563,24.159127568887943,2354.5161290322576
219,UBL,2025-02-27,26.146390948718594,3.988210040655946,6.555921248425086,26.815467741935482,1.75,15.875,3.125,43.723,17.889,25.5612153458821,34.1165,18.209,3.0876513888238524,2280.0,1808.0,2025.0966354507505,28.569763868421052,19.998834707894737,2025.2338709677422
220,ULTRACEMCO,2025-02-27,21.951577558995943,2.263278988369371,9.699015310000046,25.052306451612903,1.25,11.625,2.375,35.782000000000004,14.142500000000002,21.658323897623212,26.4775,17.4325,1.8708893092066718,12230.9,10506.1,11411.692434166105,149.39811098174872,104.5786776872241,11352.52258064516
221,UNIONBANK,2025-02-27,30.482214610897714,3.4542692830733785,8.824504435791026,32.65283870967742,1.125,15.125,3.375,55.211,22.299,30.07001264816241,37.39,24.689,2.947191492502003,131.3,101.23,119.94465697308003,1.8663675178268249,1.3064572624787774,108.59612903225805
222,UNITDSPR,2025-02-27,23.937281113783254,2.8975126576817942,8.2613206366231,25.459999999999997,0.75,11.625,1.5,37.963,14.545,23.67326580653527,29.732,18.148,2.4641032438369983,1701.2,1328.0,1509.873989421562,17.852819999999998,12.496973999999998,1334.458064516129
223,UPL,2025-02-27,26.963949258479886,2.566563188227618,10.50585833310431,28.297935483870965,1.625,13.5,2.375,41.401,18.178,26.83829251025366,32.096999999999994,21.831,2.3035979715170933,651.05,495.55,569.1044699527347,9.38597839049236,6.570184873344652,630.5209677419357
224,VBL,2025-02-27,36.70338714610898,4.708763623431433,7.7946973093888285,37.55862903225807,1.125,12.0,2.75,51.943,22.863,37.16718129124309,46.119,27.291,3.8230679689230667,667.55,492.95,607.8388452167517,9.280934910865875,6.496654437606113,470.66129032258067
225,VEDL,2025-02-27,31.055135199960233,2.993663350182744,10.373623072235064,36.27051612903225,1.25,14.5,2.0,43.1055,21.824,30.81989636613581,37.042,25.069000000000003,2.5926629240000696,525.35,403.25,461.9024195363493,7.969014188455008,5.578309931918505,417.95322580645166
226,VOLTAS,2025-02-27,28.307994839420818,4.3832735363961035,6.458185783836673,35.64567741935484,1.125,14.25,2.25,53.496,19.9055,27.82584416499257,37.0725,19.9055,3.719087213580097,1929.35,1161.1,1689.5422721134366,22.990523891341258,16.09336672393888,1230.162903225806
227,WIPRO,2025-02-27,26.911217633648977,3.030252297042375,8.880850502090272,25.80077419354839,0.75,10.875,1.875,37.241,19.1115,26.59674791351521,32.9715,20.8715,2.5946334752682167,598.25,279.7,434.2231408957911,4.232005935483871,2.9624041548387092,312.1241935483871
228,YESBANK,2025-02-27,44.332141363102245,8.102191080662827,5.471623777043223,41.60899999999998,0.875,7.0,1.375,347.038,23.366,44.385908644307996,58.831,28.131,7.473063366879427,22.11,17.12,19.966815214944855,0.3825838052631577,0.26780866368421036,17.471290322580643
229,ZOMATO,2025-02-27,44.619425131597666,5.024510675943547,8.880352338632187,35.68758064516129,1.375,15.5,2.625,53.8995,31.295,44.981830934195074,53.8995,34.5705,4.676186892561609,305.4,206.5,270.30911118613545,4.191600261460102,2.934120183022071,223.30903225806452
230,ZYDUSLIFE,2025-02-27,25.79130543472763,3.3630246165378472,7.669080180947101,26.502854838709677,1.5,13.0,2.125,38.293,18.239,25.27987956086968,32.517,19.066,2.6171428388701448,1142.45,894.0,1007.0463706954761,12.748570620967742,8.92399943467742,915.1903225806451
